{"version":7,"REPLAYMOD":{"enabled":true,"options":{"startStop":"KEY_NONE","startStopShift":false,"startStopControl":false,"startStopAlt":false,"pauseResume":"KEY_NONE","pauseResumeShift":false,"pauseResumeControl":false,"pauseResumeAlt":false,"autoStartRecording":true},"seen":true,"lastModified":1730382545852,"keybinds":{"key.replaymod.playeroverview":"KEY_NONE","key.replaymod.lighting":"KEY_NONE","key.replaymod.quickmode":"KEY_NONE","key.replaymod.settings":"KEY_NONE","key.replaymod.marker":"KEY_NONE","key.replaymod.thumbnail":"KEY_NONE","key.replaymod.playpause":"KEY_NONE","key.replaymod.rollclockwise":"KEY_NONE","key.replaymod.rollcounterclockwise":"KEY_NONE","key.replaymod.resettilt":"KEY_NONE","key.replaymod.pathpreview":"KEY_NONE","key.replaymod.keyframerepository":"KEY_NONE","key.replaymod.clearkeyframes":"KEY_NONE","key.replaymod.synctimeline":"KEY_NONE","key.replaymod.positionkeyframe":"KEY_NONE","key.replaymod.positiononlykeyframe":"KEY_NONE","key.replaymod.timekeyframe":"KEY_NONE","key.replaymod.bothkeyframes":"KEY_NONE"},"REPLAYMOD_RECORDING_INDICATOR_CHILD":{"enabled":false}},"FPS":{"y":29.0,"position":"topLeft","enabled":true,"panelIndex":1,"options":{"textShadow":false,"brackets":false,"staticBackgroundHeight":false,"borderColor":{"value":-1},"backgroundColor":{"value":1426063377},"textColor":{"value":-5592321}},"seen":true,"lastModified":1730382854949},"CPS":{"x":10.0,"y":103.0,"position":"topLeft","panelIndex":2,"options":{"textShadow":false,"brackets":false,"staticBackgroundHeight":false,"borderColor":{"value":-1},"backgroundColor":{"value":1694498816},"rightClick":true},"seen":true},"TOGGLE_SNEAK":{"panelIndex":3,"options":{"doubleTap":false},"seen":true,"lastModified":1730382557119,"TOGGLE_SNEAK_HUD_CHILD":{"x":10.0,"y":10.0,"position":"topRight","enabled":false,"options":{"borderColor":{"value":-1},"backgroundColor":{"value":1694498816}}}},"ZOOM":{"panelIndex":4,"options":{"zoomKeybind":"KEY_X","smoothCamera":false,"variableZoom":true,"zoomDivisor":"3"},"seen":true,"lastModified":1730382561519},"HYPIXEL_MOD":{"enabled":false,"panelIndex":5,"seen":true},"HYPIXEL_BEDWARS":{"enabled":false,"panelIndex":6,"HYPIXEL_BEDWARS_STATS_CHILD":{"enabled":false,"options":{"backgroundColor":{"value":1694498816},"borderColor":{"value":-1}}},"HYPIXEL_BEDWARS_HEIGHT_LIMIT_CHILD":{"y":140.0,"position":"topRight","enabled":false,"options":{"backgroundColor":{"value":1694498816},"borderColor":{"value":-1}}},"HYPIXEL_BEDWARS_RESOURCE_COUNTER_CHILD":{"x":-115.0,"position":"topRight","enabled":false,"options":{"backgroundColor":{"value":1694498816},"borderColor":{"value":-1}}}},"QUICKPLAY":{"panelIndex":7},"ARMORSTATUS":{"x":1.5,"y":-19.25,"position":"middleRight","panelIndex":8,"options":{"scale":"1.5","textShadow":false,"damageDisplay":"percent","nameTextColor":{"value":-5592321},"highestColor":{"value":-5592321},"highColor":{"value":-5592321},"mediumColor":{"value":-5592321},"mediumLowColor":{"value":-5592321}},"seen":true,"lastModified":1728544503401,"ARMORSTATUS_PROTECTION_CHILD":{"y":-90.0,"position":"bottomRight","options":{"borderColor":{"value":-1},"backgroundColor":{"value":1694498816}}}},"KEYSTROKES":{"x":1.3399658,"y":-1.25,"position":"topRight","enabled":true,"panelIndex":9,"options":{"scale":"1.5","leftCPS":true,"keyStrokesSpacebar":true,"textColor":{"value":-5592321},"textPressedColor":{"value":1426063513},"backgroundColor":{"value":1426063377},"backgroundPressedColor":{"value":1426063377}},"seen":true,"lastModified":1728963920367},"COORDINATES":{"panelIndex":10,"options":{"textShadow":false,"backgroundColor":{"value":1426063377},"borderColor":{"value":-1}},"seen":true,"lastModified":1728689420920,"COORDINATES_X_CHILD":{"enabled":false,"options":{"borderColor":{"value":-1},"backgroundColor":{"value":1694498816},"textColor":{"value":-5592321},"labelColor":{"value":-5592321}}},"COORDINATES_Y_CHILD":{"options":{"borderColor":{"value":-1},"backgroundColor":{"value":1694498816},"textColor":{"value":-5592321},"labelColor":{"value":-5592321}}},"COORDINATES_Z_CHILD":{"enabled":false,"options":{"borderColor":{"value":-1},"backgroundColor":{"value":1694498816},"textColor":{"value":-5592321},"labelColor":{"value":-5592321}}},"COORDINATES_C_CHILD":{"enabled":false,"options":{"borderColor":{"value":-1},"backgroundColor":{"value":1694498816},"textColor":{"value":-5592321},"labelColor":{"value":-5592321}}},"COORDINATES_DIRECTION_CHILD":{"options":{"brackets":false,"backgroundColor":{"value":1694498816},"textColor":{"value":-5592321},"labelColor":{"value":-5592321}}},"COORDINATES_BIOME_CHILD":{"options":{"borderColor":{"value":-1},"backgroundColor":{"value":1694498816},"textColor":{"value":-5592321},"labelColor":{"value":-5592321}}}},"DAY_COUNTER":{"panelIndex":11,"options":{"borderColor":{"value":-1},"backgroundColor":{"value":1694498816}}},"CROSSHAIR":{"enabled":true,"panelIndex":12,"options":{"crosshairMode":"crosshairModePreset","crosshairDot":false,"crosshairOutline":true,"outlineThickness":"1.0","help_box_open":false,"customScale":true,"crosshairScale":"small","crosshairColor":"crosshairColorStatic","friendlyColor":{"value":-1},"enemyColor":{"value":-1}},"seen":true,"lastModified":1729418142579,"custom_crosshair":"LCCH-5-7v/vAA"},"POTION_EFFECTS":{"x":-0.5278659,"y":-245.10004,"position":"bottomLeft","panelIndex":13,"options":{"scale":"1.2","effectName":false,"textShadow":false,"textColor":{"value":-5592321},"durationColor":{"value":-5592321},"excludePerm":true},"seen":true,"lastModified":1728544735466},"DIRECTION_HUD":{"y":17.0,"position":"topCenter","enabled":false,"panelIndex":14,"options":{"backgroundColor":{"value":1694498816},"borderColor":{"value":-1}},"seen":true},"WAYPOINTS":{"panelIndex":15,"options":{"deathWaypoint":true,"addWaypoint":"KEY_M","toggleWaypoints":"KEY_COMMA","onlyShowWhenLookingNear":true,"labelScale":"0.5"},"seen":true,"lastModified":1728686040104},"HIT_COLOR":{"enabled":true,"panelIndex":16,"options":{"hitArmorColor":{"value":-5592321}},"seen":true,"lastModified":1730375410323},"SCOREBOARD":{"x":0.5,"y":107.5,"position":"topRight","panelIndex":17,"options":{"numbers":true,"backgroundColor":{"value":1426063377},"borderColor":{"value":-1}},"seen":true},"TITLES":{"enabled":false,"panelIndex":18},"ITEM_COUNTER":{"y":62.0,"position":"topCenter","panelIndex":19,"seen":true,"lastModified":1728776263832},"PING":{"enabled":true,"panelIndex":20,"options":{"updateIntervalSec":"1","enablePingNametag":true,"pingPrefix":"","pingPrefixColor":{"value":1426063377},"dynamicPingColor":false,"pingNumberColor":{"value":-5592321}},"seen":true,"lastModified":1728977597344,"PING_HUD":{"y":46.0,"position":"topLeft","enabled":true,"options":{"textShadow":false,"brackets":false,"staticBackgroundHeight":false,"backgroundWidth":"40","borderColor":{"value":-1},"backgroundColor":{"value":1426063377},"textColor":{"value":-5592321}}}},"MOTION_BLUR":{"panelIndex":21,"options":{"value":"6"},"seen":true,"lastModified":1730361264760},"PACK_ORGANIZER":{"enabled":false,"panelIndex":22,"seen":true},"CHAT":{"panelIndex":23,"options":{"stackMessages":true,"chatShadow":false,"chatPingExactMatch":true,"copyChat":true,"chatNameColor":"BLUE","showBrackets":false},"seen":true},"TAB":{"panelIndex":24,"options":{"tabKeybind":"KEY_4","headerColor":{"value":1426063377},"footerColor":{"value":1426063377},"backgroundColor":{"value":1426063377},"rowsColor":{"value":1426063377},"disableHeader":true,"disableFooter":true,"highlightOwnName":true,"nameColor":{"value":-5592321},"nameShadow":false,"displayPingAsNumber":true,"pingNumberColor":{"value":-5592321}},"seen":true},"NAMETAG":{"panelIndex":25,"seen":true},"SHULKER_PREVIEW":{"panelIndex":26,"options":{"alwaysPreview":true},"seen":true},"SCROLLABLE_TOOLTIPS":{"panelIndex":27,"seen":true},"UHC_OVERLAY":{"enabled":true,"panelIndex":28,"options":{"selectedItems":["minecraft:golden_apple","minecraft:enchanted_golden_apple","minecraft:mace","minecraft:player_head","minecraft:ender_pearl","minecraft:water_bucket"],"goldenAppleScale":"1.5","enchantedGoldenAppleScale":"1.5","maceScale":"1.5","playerHeadScale":"1.5","enderPearlScale":"1.5","waterBucketScale":"1.5","goldAppleScale":"2.5"},"seen":true,"lastModified":1728776273252},"PARTICLE_CHANGER":{"panelIndex":29,"seen":true,"lastModified":1728544759722},"NICK_HIDER":{"panelIndex":30,"options":{"ownName":"SleepyLux","hideOwnSkin":false},"seen":true},"COOLDOWNS":{"x":-172.0,"position":"bottomCenterLeft","enabled":false,"panelIndex":31,"seen":true,"lastModified":1728776255669},"WORLDEDIT_CUI":{"panelIndex":32,"seen":true},"CLOCK":{"x":-10.0,"y":10.0,"position":"topRight","panelIndex":33,"options":{"borderColor":{"value":-1},"backgroundColor":{"value":1694498816}}},"STOPWATCH":{"x":-10.0,"y":30.0,"position":"topRight","panelIndex":34,"options":{"borderColor":{"value":-1},"backgroundColor":{"value":1694498816}},"seen":true},"PLAYTIME":{"x":90.0,"y":46.0,"position":"topLeft","panelIndex":35,"options":{"borderColor":{"value":-1},"backgroundColor":{"value":1694498816}}},"MEMORY":{"x":-10.0,"y":50.0,"position":"topRight","panelIndex":36,"options":{"borderColor":{"value":-1},"backgroundColor":{"value":1694498816}}},"COMBO":{"x":-0.10000849,"y":-84.4,"position":"middleLeft","panelIndex":37,"options":{"scale":"1.1","borderColor":{"value":-1},"backgroundColor":{"value":1694498816}},"seen":true},"REACH_DISPLAY":{"x":-0.2744429,"y":-104.62004,"position":"middleLeft","panelIndex":38,"options":{"scale":"1.02","borderColor":{"value":-1},"backgroundColor":{"value":1694498816}},"seen":true,"lastModified":1728638767653},"TIME_CHANGER":{"panelIndex":39,"options":{"timeChangerTime":"-13523"},"seen":true,"lastModified":1730307728644},"SERVER_ADDRESS":{"x":-203.5,"y":58.0,"position":"topRight","panelIndex":40,"options":{"borderColor":{"value":-1},"backgroundColor":{"value":1694498816}}},"SATURATION":{"panelIndex":41,"seen":true,"lastModified":1730096997288,"SATURATION_HUD_CHILD":{"x":95.0,"y":-99.5,"position":"middleLeft","options":{"borderColor":{"value":-1},"backgroundColor":{"value":1694498816}}}},"COLOR_SATURATION":{"panelIndex":42,"seen":true,"lastModified":1728776282382},"ITEM_PHYSICS":{"enabled":true,"panelIndex":43,"seen":true,"lastModified":1728544771726},"TNT_COUNTDOWN":{"enabled":true,"panelIndex":44,"options":{"staticCountdownColor":true,"color":{"value":-5592321}},"seen":true},"ITEM_TRACKER":{"x":10.0,"y":75.0,"position":"middleLeft","panelIndex":45,"seen":true},"SHINY_POTS":{"panelIndex":46,"seen":true},"3D_SKINS":{"enabled":true,"panelIndex":47,"options":{"enableLeftSleeve":false,"enableRightSleeve":false},"seen":true,"lastModified":1728640426940},"GLINT_COLORIZER":{"panelIndex":48,"seen":true},"MOMENTUM":{"x":70.0,"y":46.0,"position":"topLeft","panelIndex":49,"options":{"borderColor":{"value":-1},"backgroundColor":{"value":1694498816}}},"BLOCK_OUTLINE":{"enabled":true,"panelIndex":50,"options":{"blockOutlineMode":"outlineModeBlend","blockOutlineColor":{"value":-5592321},"blockOutlineColorEnd":{"value":-5592321},"blockOverlay":true,"blockOverlayColor":{"value":1426063377}},"seen":true,"lastModified":1728544778319},"SCREENSHOT":{"panelIndex":51,"options":{"copyAutomatically":true,"uploadOption":false,"tweetOption":false},"seen":true},"FOV":{"panelIndex":52,"seen":true,"lastModified":1730376422287},"FOG":{"enabled":true,"panelIndex":53,"options":{"waterFogDensity":"0.3","renderDistanceFogColorToggle":true,"renderDistanceFogColor":{"value":-5592321}},"seen":true,"lastModified":1730361480898},"AUTO_TEXT_HOTKEY":{"panelIndex":54},"MUMBLE_LINK":{"enabled":true,"panelIndex":55,"seen":true,"lastModified":1728776304960},"2D_ITEMS":{"panelIndex":56,"seen":true},"BOSSBAR":{"x":6.5,"y":-1.0,"position":"topCenter","panelIndex":57,"options":{"barColor":{"value":-5592321},"useMinecraftGUIScale":false},"seen":true},"FREELOOK":{"enabled":false,"panelIndex":58,"options":{"mode":"Forward"},"seen":true,"lastModified":1728640479813},"PVP_INFO":{"panelIndex":59,"seen":true,"lastModified":1728776310065,"PVP_INFO_MELEE_CHILD":{"x":50.0,"y":50.0,"position":"topRight","enabled":true,"options":{"backgroundColor":{"value":1694498816},"borderColor":{"value":-1}}},"PVP_INFO_HEALTH_CHILD":{"x":50.0,"y":50.0,"position":"topRight","options":{"backgroundColor":{"value":1694498816},"borderColor":{"value":-1}}},"PVP_INFO_PROJECTILE_CHILD":{"x":50.0,"y":50.0,"position":"topRight","options":{"backgroundColor":{"value":1694498816},"borderColor":{"value":-1}}}},"SNAPLOOK":{"enabled":true,"panelIndex":60,"options":{"mode":"Forward"},"seen":true,"lastModified":1728642566142},"TEAM_VIEW":{"enabled":false,"panelIndex":61},"PACK_DISPLAY":{"x":0.43774414,"y":0.16998291,"position":"bottomRight","enabled":true,"panelIndex":62,"options":{"brackets":false,"background":false,"borderColor":{"value":-1},"backgroundColor":{"value":1694498816},"textColor":{"value":-16777046,"chroma":true},"packIcon":false},"seen":true,"lastModified":1730382983129,"SHADER_PACK_DISPLAY":{"options":{"borderColor":{"value":-1},"backgroundColor":{"value":1694498816}}}},"MENU_BLUR":{"panelIndex":63,"options":{"blurStrength":"0","blurLunarBackground":{"value":1426063377},"blurInventoryBackground":{"value":1426063377},"blurPauseBackground":{"value":1426063377}},"seen":true},"MINIMAP":{"panelIndex":64,"options":{"borderColor":{"value":-1}}},"HITBOX":{"enabled":true,"panelIndex":65,"options":{"hitboxPlayerLineColor":{"value":-5592321},"hitboxItemShow":false,"hitboxProjectileShow":false,"hitboxMobShow":false,"hitboxExpOrbShow":false},"seen":true,"lastModified":1730375412812},"LIGHTING":{"panelIndex":66,"options":{"fullBright":false,"brightnessBoost":"3.0"},"seen":true,"lastModified":1730361414998},"WEATHER_CHANGER":{"panelIndex":67},"CHUNK_BORDERS":{"panelIndex":68,"options":{"gridColor":{"value":0},"innerChunkCornerColor":{"value":1426063513},"outerChunkCornerColor":{"value":153}},"seen":true},"SOUND_CHANGER":{"panelIndex":69,"seen":true,"lastModified":1728544850450},"WAILA":{"x":90.0,"y":6.6399536,"position":"topLeft","panelIndex":70,"options":{"backgroundColor":{"value":1694498816},"borderColor":{"value":-1}},"seen":true},"HURT_CAM":{"enabled":true,"panelIndex":71,"options":{"disableHurtCam":true},"seen":true,"lastModified":1728544880428},"DAMAGE_TINT":{"enabled":true,"panelIndex":72,"options":{"vignetteColor":{"value":-5636096}},"seen":true,"lastModified":1730097588773},"SKYBLOCK":{"panelIndex":73,"SKYBLOCK_HEALTH_HUD":{"enabled":false,"options":{"borderColor":{"value":-1},"backgroundColor":{"value":1694498816}}},"SKYBLOCK_MANA_HUD":{"enabled":false,"options":{"borderColor":{"value":-1},"backgroundColor":{"value":1694498816}}},"SKYBLOCK_KUUDRA_ARMOR_STACKS_HUD":{"enabled":false,"options":{"borderColor":{"value":-1},"backgroundColor":{"value":1694498816}}},"SKYBLOCK_DEF_HUD":{"enabled":false,"options":{"borderColor":{"value":-1},"backgroundColor":{"value":1694498816}}},"SKYBLOCK_SPEED_HUD":{"enabled":false,"options":{"borderColor":{"value":-1},"backgroundColor":{"value":1694498816}}},"SKYBLOCK_VISITOR_HUD":{"enabled":false,"options":{"borderColor":{"value":-1},"backgroundColor":{"value":1694498816}}},"SKYBLOCK_NETHER_BOSS_HUD":{"options":{"borderColor":{"value":-1},"backgroundColor":{"value":1694498816}}},"ETHERWARP_PREVIEW":{"enabled":false},"SKYBLOCK_COMPOSTER_HUD":{"options":{"borderColor":{"value":-1},"backgroundColor":{"value":1694498816}}},"SKYBLOCK_VISITOR_ALERT":{"enabled":false},"SKYBLOCK_RARITY_BACKGROUND":{"enabled":false},"SKYBLOCK_LIVID_SOLVER_HUD":{"options":{"borderColor":{"value":-1},"backgroundColor":{"value":1694498816}}},"SKYBLOCK_ENDERMAN_SLAYER":{"options":{"borderColor":{"value":-1},"backgroundColor":{"value":1694498816}}},"SKYBLOCK_QUIVER_HUD":{"options":{"borderColor":{"value":-1},"backgroundColor":{"value":1694498816}}},"SKYBLOCK_KUUDRA_ALERTS":{"enabled":false},"SKYBLOCK_LOCK_MOUSE":{"enabled":false,"options":{"borderColor":{"value":-1},"backgroundColor":{"value":1694498816}}},"SKYBLOCK_ANGLE_HUD":{"options":{"borderColor":{"value":-1},"backgroundColor":{"value":1694498816}}}},"HORSE_STATS":{"enabled":false,"panelIndex":74,"options":{"textColor":{"value":-1}}}}